time,Open,High,Low,Close,Volume
2016-02-01 00:00:00+00:00,367.89000000,370.84000000,367.89000000,369.29000000,403.09902656
2016-02-01 01:00:00+00:00,369.24000000,369.24000000,366.26000000,367.65000000,461.84621554
2016-02-01 02:00:00+00:00,367.65000000,370.83000000,367.25000000,370.66000000,446.64396673
2016-02-01 03:00:00+00:00,370.66000000,374.00000000,370.34000000,373.92000000,439.96241351
2016-02-01 04:00:00+00:00,373.88000000,375.00000000,372.99000000,373.50000000,315.58817151
2016-02-01 05:00:00+00:00,373.79000000,375.00000000,373.39000000,374.63000000,143.45459398
2016-02-01 06:00:00+00:00,374.63000000,375.89000000,374.63000000,374.87000000,145.64860432
2016-02-01 07:00:00+00:00,374.97000000,376.00000000,374.66000000,375.57000000,100.37147218
2016-02-01 08:00:00+00:00,375.44000000,376.00000000,374.48000000,375.55000000,94.17934592
2016-02-01 09:00:00+00:00,375.21000000,375.74000000,372.92000000,373.40000000,117.09941924
2016-02-01 10:00:00+00:00,373.48000000,379.00000000,372.90000000,377.50000000,378.81432693
2016-02-01 11:00:00+00:00,377.77000000,378.28000000,375.57000000,376.74000000,100.40988998
2016-02-01 12:00:00+00:00,376.47000000,377.23000000,375.20000000,376.00000000,201.72877592
2016-02-01 13:00:00+00:00,376.00000000,376.27000000,375.62000000,375.76000000,181.09596710
2016-02-01 14:00:00+00:00,375.86000000,376.00000000,374.33000000,374.86000000,253.34566316
2016-02-01 15:00:00+00:00,374.80000000,374.80000000,372.90000000,373.66000000,511.15729993
2016-02-01 16:00:00+00:00,373.56000000,374.77000000,373.08000000,373.59000000,382.73682562
2016-02-01 17:00:00+00:00,373.54000000,374.02000000,370.20000000,373.25000000,317.20772659
2016-02-01 18:00:00+00:00,373.24000000,373.24000000,371.40000000,371.51000000,174.33200390
2016-02-01 19:00:00+00:00,371.44000000,372.31000000,368.11000000,371.49000000,872.33703899
2016-02-01 20:00:00+00:00,371.50000000,371.50000000,369.01000000,369.60000000,491.69669546
2016-02-01 21:00:00+00:00,369.56000000,371.09000000,369.54000000,369.97000000,625.50499049
2016-02-01 22:00:00+00:00,369.99000000,371.50000000,369.99000000,370.76000000,486.08426482
2016-02-01 23:00:00+00:00,370.75000000,371.50000000,370.41000000,371.33000000,286.88453084
2016-02-02 00:00:00+00:00,371.33000000,372.68000000,371.17000000,372.54000000,190.87097591
2016-02-02 01:00:00+00:00,372.52000000,372.95000000,372.09000000,372.49000000,215.16328779
2016-02-02 02:00:00+00:00,372.49000000,373.00000000,371.97000000,372.58000000,295.69213670
2016-02-02 03:00:00+00:00,372.67000000,373.43000000,372.01000000,372.45000000,251.68492840
2016-02-02 04:00:00+00:00,372.42000000,373.48000000,372.05000000,373.42000000,135.86852938
2016-02-02 05:00:00+00:00,373.48000000,373.99000000,373.01000000,373.91000000,274.96011882
2016-02-02 06:00:00+00:00,373.90000000,374.10000000,372.52000000,372.80000000,260.35884541
2016-02-02 07:00:00+00:00,372.94000000,374.11000000,372.55000000,373.57000000,162.36560760
2016-02-02 08:00:00+00:00,373.61000000,374.41000000,372.70000000,373.67000000,57.84114550
2016-02-02 09:00:00+00:00,373.76000000,373.82000000,372.63000000,372.71000000,126.57540498
2016-02-02 10:00:00+00:00,372.70000000,373.04000000,371.86000000,373.03000000,115.29101609
2016-02-02 11:00:00+00:00,373.03000000,373.03000000,371.30000000,372.19000000,95.54879727
2016-02-02 12:00:00+00:00,372.19000000,372.49000000,371.57000000,371.81000000,202.26314791
2016-02-02 13:00:00+00:00,371.77000000,373.00000000,371.51000000,373.00000000,146.02765489
2016-02-02 14:00:00+00:00,373.00000000,373.00000000,371.84000000,372.51000000,404.44780974
2016-02-02 15:00:00+00:00,372.50000000,373.61000000,372.32000000,373.01000000,431.07455629
2016-02-02 16:00:00+00:00,373.01000000,373.98000000,372.12000000,372.73000000,250.76472215
2016-02-02 17:00:00+00:00,372.64000000,373.00000000,371.83000000,371.83000000,259.22854491
2016-02-02 18:00:00+00:00,371.91000000,373.00000000,371.86000000,372.63000000,312.17793107
2016-02-02 19:00:00+00:00,372.63000000,373.50000000,372.52000000,372.94000000,1386.64233554
2016-02-02 20:00:00+00:00,372.95000000,373.65000000,372.20000000,373.02000000,406.36544830
2016-02-02 21:00:00+00:00,373.01000000,373.51000000,373.01000000,373.47000000,267.34844637
2016-02-02 22:00:00+00:00,373.44000000,373.49000000,373.08000000,373.45000000,269.15259888
2016-02-02 23:00:00+00:00,373.44000000,373.44000000,372.11000000,372.93000000,338.50416809
2016-02-03 00:00:00+00:00,372.93000000,373.01000000,372.59000000,372.93000000,177.50958176
2016-02-03 01:00:00+00:00,372.91000000,372.94000000,371.58000000,372.05000000,520.67114950
2016-02-03 02:00:00+00:00,372.11000000,372.58000000,371.95000000,372.58000000,291.09289664
2016-02-03 03:00:00+00:00,372.36000000,372.75000000,368.20000000,372.75000000,538.15666009
2016-02-03 04:00:00+00:00,372.82000000,373.00000000,372.11000000,372.41000000,257.97790526
2016-02-03 05:00:00+00:00,372.36000000,373.00000000,372.04000000,372.81000000,164.34837968
2016-02-03 06:00:00+00:00,372.81000000,372.81000000,371.53000000,372.35000000,251.49857953
2016-02-03 07:00:00+00:00,372.35000000,372.99000000,372.05000000,372.97000000,96.94997056
2016-02-03 08:00:00+00:00,372.97000000,373.00000000,372.85000000,373.00000000,67.03255676
2016-02-03 09:00:00+00:00,373.00000000,373.00000000,372.69000000,372.95000000,124.39242586
2016-02-03 10:00:00+00:00,372.93000000,372.98000000,372.29000000,372.40000000,98.89620173
2016-02-03 11:00:00+00:00,372.46000000,372.55000000,371.18000000,371.26000000,125.77535946
2016-02-03 12:00:00+00:00,371.26000000,372.14000000,367.21000000,371.36000000,574.62804505
2016-02-03 13:00:00+00:00,371.36000000,371.96000000,370.75000000,371.47000000,141.34323828
2016-02-03 14:00:00+00:00,371.37000000,371.84000000,370.50000000,370.63000000,198.44940939
2016-02-03 15:00:00+00:00,370.56000000,370.63000000,368.02000000,370.48000000,470.69837439
2016-02-03 16:00:00+00:00,370.44000000,371.11000000,369.73000000,370.61000000,260.97150752
2016-02-03 17:00:00+00:00,370.63000000,370.90000000,368.51000000,369.33000000,291.46748772
2016-02-03 18:00:00+00:00,369.33000000,369.62000000,367.80000000,369.62000000,408.67078832
2016-02-03 19:00:00+00:00,369.67000000,370.93000000,369.36000000,370.72000000,350.14859815
2016-02-03 20:00:00+00:00,370.66000000,370.66000000,369.26000000,369.56000000,364.25500439
2016-02-03 21:00:00+00:00,369.57000000,369.90000000,368.52000000,368.59000000,318.00641676
2016-02-03 22:00:00+00:00,368.57000000,368.64000000,365.63000000,367.18000000,560.54832428
2016-02-03 23:00:00+00:00,367.18000000,369.23000000,366.45000000,368.87000000,494.46771220
2016-02-04 00:00:00+00:00,368.87000000,369.50000000,368.74000000,369.50000000,439.37483950
2016-02-04 01:00:00+00:00,369.49000000,371.39000000,369.14000000,370.76000000,457.27563888
2016-02-04 02:00:00+00:00,370.73000000,371.00000000,370.55000000,370.97000000,230.83546372
2016-02-04 03:00:00+00:00,370.97000000,370.99000000,369.30000000,369.63000000,365.73134530
2016-02-04 04:00:00+00:00,369.63000000,370.64000000,368.94000000,369.84000000,243.77517137
2016-02-04 05:00:00+00:00,369.85000000,371.50000000,369.49000000,371.46000000,203.92758035
2016-02-04 06:00:00+00:00,371.45000000,371.50000000,371.02000000,371.38000000,101.87036128
2016-02-04 07:00:00+00:00,371.39000000,371.50000000,370.93000000,371.40000000,170.58680100
2016-02-04 08:00:00+00:00,371.39000000,371.91000000,370.95000000,371.55000000,113.24382147
2016-02-04 09:00:00+00:00,371.55000000,371.75000000,371.13000000,371.71000000,97.26146810
2016-02-04 10:00:00+00:00,371.75000000,371.92000000,371.17000000,371.91000000,125.15417568
2016-02-04 11:00:00+00:00,371.91000000,372.50000000,371.71000000,372.49000000,214.86974725
2016-02-04 12:00:00+00:00,372.49000000,372.83000000,372.26000000,372.83000000,99.40006964
2016-02-04 13:00:00+00:00,372.51000000,373.50000000,372.51000000,373.48000000,191.80810494
2016-02-04 14:00:00+00:00,373.47000000,385.00000000,373.12000000,383.16000000,973.47321792
2016-02-04 15:00:00+00:00,383.16000000,385.00000000,382.78000000,384.98000000,446.78045961
2016-02-04 16:00:00+00:00,384.98000000,388.10000000,383.61000000,385.93000000,611.84085794
2016-02-04 17:00:00+00:00,385.93000000,386.83000000,385.48000000,385.78000000,447.19254652
2016-02-04 18:00:00+00:00,385.78000000,386.10000000,383.68000000,383.69000000,348.26620094
2016-02-04 19:00:00+00:00,383.76000000,386.00000000,380.00000000,384.41000000,1081.36140305
2016-02-04 20:00:00+00:00,384.37000000,389.96000000,383.69000000,389.31000000,495.00717573
2016-02-04 21:00:00+00:00,389.46000000,390.03000000,385.46000000,386.64000000,532.39278360
2016-02-04 22:00:00+00:00,386.63000000,388.14000000,386.00000000,387.84000000,368.57524439
2016-02-04 23:00:00+00:00,387.73000000,390.63000000,387.55000000,387.99000000,527.75275422
2016-02-05 00:00:00+00:00,387.99000000,388.00000000,386.07000000,388.00000000,381.01661717
2016-02-05 01:00:00+00:00,388.00000000,388.50000000,386.37000000,387.05000000,216.97524649
2016-02-05 02:00:00+00:00,386.96000000,387.49000000,386.54000000,386.82000000,222.06685155
2016-02-05 03:00:00+00:00,386.81000000,386.81000000,384.51000000,385.59000000,418.81249114
2016-02-05 04:00:00+00:00,385.84000000,386.19000000,384.73000000,385.89000000,315.11400705
2016-02-05 05:00:00+00:00,385.84000000,386.29000000,385.10000000,385.98000000,290.61822356
2016-02-05 06:00:00+00:00,385.92000000,385.98000000,383.29000000,383.50000000,364.43241539
2016-02-05 07:00:00+00:00,383.47000000,384.61000000,382.99000000,384.11000000,217.61482341
2016-02-05 08:00:00+00:00,384.51000000,386.00000000,384.08000000,386.00000000,124.13453706
2016-02-05 09:00:00+00:00,385.99000000,386.39000000,385.55000000,385.78000000,112.54343273
2016-02-05 10:00:00+00:00,385.78000000,386.00000000,384.40000000,385.70000000,189.72017628
2016-02-05 11:00:00+00:00,385.69000000,388.25000000,385.68000000,387.92000000,162.30262994
2016-02-05 12:00:00+00:00,388.15000000,389.36000000,388.00000000,388.72000000,399.45230796
2016-02-05 13:00:00+00:00,388.71000000,388.95000000,386.69000000,387.07000000,390.75568856
2016-02-05 14:00:00+00:00,387.07000000,387.17000000,385.77000000,386.27000000,230.14881278
2016-02-05 15:00:00+00:00,386.46000000,387.95000000,385.98000000,387.94000000,355.36443355
2016-02-05 16:00:00+00:00,387.94000000,388.46000000,385.49000000,385.49000000,361.94061034
2016-02-05 17:00:00+00:00,385.83000000,385.87000000,384.79000000,385.21000000,359.46172804
2016-02-05 18:00:00+00:00,385.19000000,386.00000000,384.20000000,385.82000000,409.34627764
2016-02-05 19:00:00+00:00,385.79000000,385.94000000,384.45000000,385.28000000,388.91415224
2016-02-05 20:00:00+00:00,385.28000000,386.00000000,384.35000000,385.13000000,588.38848686
2016-02-05 21:00:00+00:00,385.12000000,385.48000000,383.68000000,384.56000000,350.74732823
2016-02-05 22:00:00+00:00,384.56000000,385.36000000,383.29000000,385.36000000,240.32463649
2016-02-05 23:00:00+00:00,385.27000000,385.27000000,383.13000000,384.50000000,353.73341778
2016-02-06 00:00:00+00:00,384.44000000,384.54000000,374.98000000,377.91000000,964.35052433
2016-02-06 01:00:00+00:00,377.92000000,379.78000000,376.79000000,379.78000000,277.28870140
2016-02-06 02:00:00+00:00,379.78000000,380.36000000,379.03000000,380.02000000,263.12748417
2016-02-06 03:00:00+00:00,380.01000000,380.33000000,376.20000000,377.54000000,184.73421760
2016-02-06 04:00:00+00:00,377.52000000,378.43000000,375.04000000,375.68000000,316.15209088
2016-02-06 05:00:00+00:00,375.68000000,375.68000000,370.05000000,374.41000000,511.49782794
2016-02-06 06:00:00+00:00,374.34000000,376.04000000,372.72000000,374.10000000,273.17115979
2016-02-06 07:00:00+00:00,374.09000000,374.15000000,372.35000000,374.15000000,187.55797110
2016-02-06 08:00:00+00:00,374.18000000,375.34000000,374.18000000,374.94000000,105.18237510
2016-02-06 09:00:00+00:00,374.94000000,375.26000000,374.27000000,375.25000000,60.24185615
2016-02-06 10:00:00+00:00,375.21000000,375.64000000,374.98000000,375.00000000,93.91242353
2016-02-06 11:00:00+00:00,374.99000000,375.32000000,374.92000000,375.13000000,69.70158594
2016-02-06 12:00:00+00:00,375.13000000,376.20000000,375.12000000,376.17000000,55.58971951
2016-02-06 13:00:00+00:00,376.17000000,376.53000000,375.69000000,376.37000000,184.64704839
2016-02-06 14:00:00+00:00,376.35000000,376.50000000,375.12000000,375.13000000,151.21490023
2016-02-06 15:00:00+00:00,375.14000000,376.00000000,375.00000000,375.41000000,166.24695255
2016-02-06 16:00:00+00:00,375.45000000,375.97000000,372.71000000,373.24000000,368.75599435
2016-02-06 17:00:00+00:00,373.31000000,374.71000000,373.31000000,374.16000000,297.33134179
2016-02-06 18:00:00+00:00,374.15000000,374.78000000,373.57000000,374.62000000,341.37875655
2016-02-06 19:00:00+00:00,374.71000000,374.96000000,373.76000000,373.97000000,362.94739332
2016-02-06 20:00:00+00:00,373.97000000,374.59000000,373.74000000,374.38000000,286.93817441
2016-02-06 21:00:00+00:00,374.43000000,375.38000000,374.43000000,375.24000000,263.77388473
2016-02-06 22:00:00+00:00,375.25000000,375.25000000,374.11000000,374.93000000,236.10418188
2016-02-06 23:00:00+00:00,374.93000000,375.49000000,374.28000000,375.44000000,254.81817165
2016-02-07 00:00:00+00:00,375.44000000,375.44000000,374.45000000,374.94000000,309.14316647
2016-02-07 01:00:00+00:00,374.96000000,375.70000000,373.57000000,374.89000000,241.81384817
2016-02-07 02:00:00+00:00,374.89000000,376.00000000,374.60000000,375.94000000,113.96094508
2016-02-07 03:00:00+00:00,375.98000000,377.13000000,375.93000000,377.06000000,122.71545785
2016-02-07 04:00:00+00:00,377.06000000,377.21000000,376.36000000,376.39000000,138.30916834
2016-02-07 05:00:00+00:00,376.40000000,376.90000000,376.40000000,376.64000000,171.64442885
2016-02-07 06:00:00+00:00,376.59000000,376.86000000,376.16000000,376.21000000,103.20379907
2016-02-07 07:00:00+00:00,376.21000000,376.45000000,375.80000000,376.04000000,51.74816990
2016-02-07 08:00:00+00:00,376.11000000,376.15000000,374.99000000,375.86000000,87.06200129
2016-02-07 09:00:00+00:00,375.79000000,376.38000000,375.69000000,376.15000000,77.68630761
2016-02-07 10:00:00+00:00,376.14000000,376.50000000,375.91000000,376.33000000,144.22105267
2016-02-07 11:00:00+00:00,376.23000000,377.80000000,376.15000000,377.43000000,128.22160666
2016-02-07 12:00:00+00:00,377.52000000,379.53000000,377.52000000,379.43000000,92.31272827
2016-02-07 13:00:00+00:00,379.44000000,379.48000000,378.64000000,379.15000000,133.34983386
2016-02-07 14:00:00+00:00,379.15000000,379.81000000,377.93000000,378.17000000,140.19709559
2016-02-07 15:00:00+00:00,378.17000000,378.32000000,377.07000000,377.15000000,221.87209420
2016-02-07 16:00:00+00:00,377.15000000,377.67000000,377.15000000,377.41000000,116.77796442
2016-02-07 17:00:00+00:00,377.42000000,377.50000000,376.04000000,376.04000000,187.66374302
2016-02-07 18:00:00+00:00,376.03000000,376.82000000,374.74000000,376.67000000,233.07743407
2016-02-07 19:00:00+00:00,376.66000000,376.67000000,373.28000000,375.32000000,369.25390758
2016-02-07 20:00:00+00:00,375.32000000,375.64000000,373.37000000,373.37000000,242.19304965
2016-02-07 21:00:00+00:00,373.44000000,376.10000000,373.24000000,376.10000000,148.90164959
2016-02-07 22:00:00+00:00,376.08000000,377.70000000,375.58000000,377.67000000,233.21394207
2016-02-07 23:00:00+00:00,377.52000000,378.16000000,376.53000000,377.49000000,355.96571703
2016-02-08 00:00:00+00:00,377.47000000,378.16000000,376.87000000,378.03000000,209.42581077
2016-02-08 01:00:00+00:00,378.05000000,378.82000000,377.68000000,378.80000000,155.76979683
2016-02-08 02:00:00+00:00,378.80000000,378.80000000,378.15000000,378.37000000,100.68829244
2016-02-08 03:00:00+00:00,378.38000000,378.54000000,377.84000000,378.39000000,176.02792427
2016-02-08 04:00:00+00:00,378.39000000,378.98000000,378.20000000,378.40000000,223.50454354
2016-02-08 05:00:00+00:00,378.39000000,378.96000000,378.27000000,378.74000000,162.61035439
2016-02-08 06:00:00+00:00,378.77000000,379.15000000,378.63000000,379.15000000,109.55814823
2016-02-08 07:00:00+00:00,379.15000000,379.15000000,378.69000000,379.14000000,107.52569989
2016-02-08 08:00:00+00:00,379.15000000,379.35000000,378.50000000,378.63000000,100.82188570
2016-02-08 09:00:00+00:00,378.62000000,378.62000000,377.52000000,378.23000000,102.96879682
2016-02-08 10:00:00+00:00,378.25000000,378.57000000,377.85000000,377.85000000,56.22063176
2016-02-08 11:00:00+00:00,378.01000000,378.80000000,377.54000000,377.54000000,125.49489913
2016-02-08 12:00:00+00:00,377.76000000,377.76000000,376.82000000,376.83000000,259.06237400
2016-02-08 13:00:00+00:00,376.82000000,376.82000000,375.00000000,375.43000000,493.94319349
2016-02-08 14:00:00+00:00,375.43000000,376.29000000,374.70000000,375.03000000,625.38325829
2016-02-08 15:00:00+00:00,374.98000000,375.30000000,374.62000000,375.30000000,443.48171157
2016-02-08 16:00:00+00:00,375.30000000,375.38000000,373.61000000,373.93000000,524.34235694
2016-02-08 17:00:00+00:00,374.03000000,375.00000000,373.71000000,374.98000000,307.15027622
2016-02-08 18:00:00+00:00,374.91000000,375.12000000,373.72000000,374.00000000,482.06133841
2016-02-08 19:00:00+00:00,373.96000000,373.96000000,371.56000000,371.67000000,535.48235497
2016-02-08 20:00:00+00:00,371.58000000,372.28000000,371.10000000,371.13000000,371.30987090
2016-02-08 21:00:00+00:00,371.13000000,372.10000000,371.04000000,371.69000000,505.06148554
2016-02-08 22:00:00+00:00,371.63000000,372.50000000,370.51000000,370.74000000,429.44200455
2016-02-08 23:00:00+00:00,370.88000000,371.48000000,370.50000000,371.14000000,486.87156912
2016-02-09 00:00:00+00:00,371.02000000,372.13000000,370.53000000,371.61000000,278.20089149
2016-02-09 01:00:00+00:00,371.58000000,372.10000000,370.90000000,372.09000000,313.10222597
2016-02-09 02:00:00+00:00,371.98000000,372.07000000,371.34000000,371.42000000,298.11834720
2016-02-09 03:00:00+00:00,371.38000000,372.10000000,371.16000000,372.10000000,524.63795174
2016-02-09 04:00:00+00:00,372.10000000,372.10000000,370.80000000,371.06000000,264.50646456
2016-02-09 05:00:00+00:00,371.09000000,371.61000000,370.62000000,371.35000000,216.54946385
2016-02-09 06:00:00+00:00,371.43000000,371.52000000,370.13000000,370.46000000,308.43353906
2016-02-09 07:00:00+00:00,370.42000000,370.92000000,370.23000000,370.40000000,196.29827666
2016-02-09 08:00:00+00:00,370.39000000,370.86000000,370.19000000,370.41000000,294.24689459
2016-02-09 09:00:00+00:00,370.46000000,371.15000000,370.26000000,370.93000000,211.63199501
2016-02-09 10:00:00+00:00,370.92000000,372.00000000,370.61000000,371.87000000,248.60789692
2016-02-09 11:00:00+00:00,371.86000000,371.93000000,370.92000000,371.47000000,278.05772318
2016-02-09 12:00:00+00:00,371.48000000,372.49000000,371.46000000,372.49000000,269.35790296
2016-02-09 13:00:00+00:00,372.49000000,374.79000000,372.49000000,374.16000000,723.42233146
2016-02-09 14:00:00+00:00,374.12000000,374.93000000,373.41000000,373.82000000,429.47081946
2016-02-09 15:00:00+00:00,373.82000000,373.92000000,372.30000000,373.10000000,432.55719884
2016-02-09 16:00:00+00:00,373.10000000,373.21000000,372.11000000,372.82000000,395.45094740
2016-02-09 17:00:00+00:00,372.82000000,373.28000000,372.01000000,373.04000000,450.32304736
2016-02-09 18:00:00+00:00,372.87000000,373.58000000,372.65000000,373.02000000,416.35107333
2016-02-09 19:00:00+00:00,373.01000000,373.27000000,371.52000000,372.06000000,373.72026566
2016-02-09 20:00:00+00:00,372.03000000,372.58000000,371.80000000,372.09000000,377.08677846
2016-02-09 21:00:00+00:00,372.10000000,372.57000000,371.78000000,372.10000000,381.43856507
2016-02-09 22:00:00+00:00,372.21000000,372.60000000,372.10000000,372.35000000,393.38737661
2016-02-09 23:00:00+00:00,372.36000000,373.00000000,372.10000000,372.68000000,349.63623066
2016-02-10 00:00:00+00:00,372.76000000,373.30000000,372.01000000,372.01000000,491.57876654
2016-02-10 01:00:00+00:00,372.13000000,373.33000000,371.87000000,373.27000000,338.31144438
2016-02-10 02:00:00+00:00,373.27000000,373.29000000,372.39000000,372.64000000,435.64840470
2016-02-10 03:00:00+00:00,372.66000000,373.62000000,372.36000000,373.62000000,296.43458259
2016-02-10 04:00:00+00:00,373.63000000,374.95000000,373.46000000,374.19000000,546.59179040
2016-02-10 05:00:00+00:00,374.20000000,374.82000000,374.08000000,374.57000000,286.21649767
2016-02-10 06:00:00+00:00,374.57000000,374.69000000,373.87000000,374.55000000,297.56353986
2016-02-10 07:00:00+00:00,374.56000000,374.94000000,374.10000000,374.93000000,238.59690555
2016-02-10 08:00:00+00:00,374.92000000,375.00000000,374.11000000,374.95000000,476.64660313
2016-02-10 09:00:00+00:00,374.91000000,375.00000000,374.00000000,374.46000000,306.19459722
2016-02-10 10:00:00+00:00,374.54000000,374.92000000,373.75000000,374.56000000,312.72416962
2016-02-10 11:00:00+00:00,374.50000000,374.99000000,373.76000000,374.98000000,402.05884302
2016-02-10 12:00:00+00:00,374.99000000,377.20000000,374.93000000,377.01000000,344.16367864
2016-02-10 13:00:00+00:00,377.07000000,382.32000000,376.90000000,380.29000000,510.50941255
2016-02-10 14:00:00+00:00,380.35000000,383.34000000,380.09000000,382.00000000,399.15629855
2016-02-10 15:00:00+00:00,382.00000000,382.00000000,376.65000000,377.80000000,629.15772946
2016-02-10 16:00:00+00:00,377.94000000,380.40000000,377.64000000,377.82000000,455.86040488
2016-02-10 17:00:00+00:00,377.76000000,378.06000000,375.04000000,376.61000000,344.93058279
2016-02-10 18:00:00+00:00,376.61000000,378.60000000,375.77000000,378.00000000,537.58058327
2016-02-10 19:00:00+00:00,377.88000000,378.00000000,376.72000000,377.62000000,457.30936549
2016-02-10 20:00:00+00:00,377.68000000,378.48000000,376.77000000,378.12000000,368.15749251
2016-02-10 21:00:00+00:00,377.97000000,378.48000000,376.20000000,376.22000000,452.88072916
2016-02-10 22:00:00+00:00,377.09000000,378.31000000,376.28000000,377.33000000,300.19220703
2016-02-10 23:00:00+00:00,377.33000000,379.00000000,377.33000000,378.44000000,507.57219574
2016-02-11 00:00:00+00:00,378.49000000,378.82000000,377.00000000,377.34000000,578.41508946
2016-02-11 01:00:00+00:00,377.79000000,379.50000000,377.01000000,379.25000000,424.04015174
2016-02-11 02:00:00+00:00,379.22000000,379.40000000,376.50000000,377.70000000,807.50421838
2016-02-11 03:00:00+00:00,377.70000000,378.46000000,376.40000000,377.43000000,611.31213349
2016-02-11 04:00:00+00:00,377.05000000,377.60000000,375.51000000,376.29000000,586.06777035
2016-02-11 05:00:00+00:00,376.21000000,376.69000000,374.80000000,374.84000000,409.81076629
2016-02-11 06:00:00+00:00,375.01000000,375.97000000,374.02000000,374.78000000,431.52798649
2016-02-11 07:00:00+00:00,374.38000000,377.09000000,373.76000000,376.36000000,568.46728845
2016-02-11 08:00:00+00:00,376.00000000,376.00000000,373.26000000,373.32000000,351.41441033
2016-02-11 09:00:00+00:00,373.44000000,374.68000000,370.00000000,370.44000000,552.74800635
2016-02-11 10:00:00+00:00,370.30000000,374.37000000,370.00000000,374.37000000,176.79451157
2016-02-11 11:00:00+00:00,374.37000000,376.68000000,373.91000000,376.39000000,124.40064569
2016-02-11 12:00:00+00:00,376.48000000,377.00000000,375.30000000,376.54000000,78.66777747
2016-02-11 13:00:00+00:00,376.55000000,377.11000000,376.30000000,376.90000000,194.59483836
2016-02-11 14:00:00+00:00,376.90000000,377.40000000,375.41000000,375.74000000,290.74601571
2016-02-11 15:00:00+00:00,375.72000000,376.22000000,373.84000000,374.71000000,386.78074480
2016-02-11 16:00:00+00:00,374.92000000,375.99000000,374.11000000,375.91000000,341.40462684
2016-02-11 17:00:00+00:00,375.91000000,375.99000000,374.35000000,375.00000000,418.37149707
2016-02-11 18:00:00+00:00,374.99000000,375.01000000,360.00000000,373.52000000,1038.31536569
2016-02-11 19:00:00+00:00,373.52000000,373.70000000,361.11000000,371.66000000,497.64753293
2016-02-11 20:00:00+00:00,371.66000000,374.20000000,371.65000000,374.20000000,283.16331921
2016-02-11 21:00:00+00:00,374.17000000,375.82000000,374.10000000,375.49000000,436.79375762
2016-02-11 22:00:00+00:00,375.50000000,376.00000000,374.16000000,375.56000000,410.14882686
2016-02-11 23:00:00+00:00,375.78000000,378.27000000,375.52000000,378.23000000,413.92643471
2016-02-12 00:00:00+00:00,378.23000000,378.81000000,377.49000000,377.49000000,241.90942688
2016-02-12 01:00:00+00:00,377.66000000,378.43000000,377.46000000,378.12000000,460.02359750
2016-02-12 02:00:00+00:00,378.12000000,379.00000000,377.75000000,378.88000000,173.77172374
2016-02-12 03:00:00+00:00,378.96000000,379.00000000,378.35000000,378.83000000,332.30207764
2016-02-12 04:00:00+00:00,378.84000000,379.40000000,378.34000000,379.25000000,324.01031593
2016-02-12 05:00:00+00:00,379.24000000,379.25000000,378.95000000,379.21000000,279.60078743
2016-02-12 06:00:00+00:00,379.16000000,379.50000000,379.08000000,379.50000000,227.19164726
2016-02-12 07:00:00+00:00,379.50000000,379.50000000,379.11000000,379.36000000,148.89581091
2016-02-12 08:00:00+00:00,379.36000000,379.98000000,379.17000000,379.83000000,79.66683652
2016-02-12 09:00:00+00:00,379.88000000,380.00000000,379.61000000,380.00000000,71.81292818
2016-02-12 10:00:00+00:00,380.00000000,380.00000000,379.53000000,380.00000000,138.00403593
2016-02-12 11:00:00+00:00,380.00000000,380.00000000,379.51000000,379.64000000,164.68811231
2016-02-12 12:00:00+00:00,379.67000000,381.50000000,379.64000000,381.44000000,261.65547876
2016-02-12 13:00:00+00:00,381.31000000,381.38000000,380.34000000,380.70000000,253.60357846
2016-02-12 14:00:00+00:00,380.69000000,381.47000000,380.05000000,380.60000000,258.12937739
2016-02-12 15:00:00+00:00,380.63000000,381.03000000,380.18000000,381.02000000,222.55936896
2016-02-12 16:00:00+00:00,381.02000000,381.50000000,380.94000000,381.50000000,342.62488000
2016-02-12 17:00:00+00:00,381.50000000,381.50000000,380.90000000,381.45000000,340.92799066
2016-02-12 18:00:00+00:00,381.46000000,381.50000000,379.76000000,379.99000000,381.72581404
2016-02-12 19:00:00+00:00,380.00000000,381.13000000,379.84000000,380.35000000,247.15543930
2016-02-12 20:00:00+00:00,380.32000000,381.43000000,379.89000000,381.41000000,314.57524447
2016-02-12 21:00:00+00:00,381.36000000,381.52000000,379.78000000,380.22000000,373.99095473
2016-02-12 22:00:00+00:00,380.19000000,381.49000000,380.16000000,381.31000000,200.87789187
2016-02-12 23:00:00+00:00,381.39000000,382.05000000,381.26000000,382.05000000,322.51430450
2016-02-13 00:00:00+00:00,382.05000000,384.00000000,381.99000000,383.63000000,265.46874933
2016-02-13 01:00:00+00:00,383.74000000,386.50000000,383.74000000,386.50000000,438.87030303
2016-02-13 02:00:00+00:00,386.50000000,386.70000000,385.33000000,386.45000000,342.33519390
2016-02-13 03:00:00+00:00,386.39000000,389.00000000,386.37000000,388.99000000,469.94051833
2016-02-13 04:00:00+00:00,389.00000000,391.49000000,388.41000000,388.42000000,477.30315393
2016-02-13 05:00:00+00:00,388.66000000,396.00000000,388.54000000,390.21000000,796.23233081
2016-02-13 06:00:00+00:00,390.21000000,390.72000000,389.18000000,389.21000000,197.69868882
2016-02-13 07:00:00+00:00,389.29000000,389.38000000,389.00000000,389.09000000,112.69811477
2016-02-13 08:00:00+00:00,389.09000000,389.10000000,387.53000000,387.79000000,234.00872481
2016-02-13 09:00:00+00:00,387.79000000,389.07000000,387.46000000,388.77000000,65.88750956
2016-02-13 10:00:00+00:00,388.71000000,388.92000000,387.88000000,388.71000000,188.28230370
2016-02-13 11:00:00+00:00,388.71000000,389.10000000,388.49000000,388.66000000,38.59062332
2016-02-13 12:00:00+00:00,388.69000000,389.55000000,387.79000000,388.54000000,99.15558949
2016-02-13 13:00:00+00:00,388.54000000,389.11000000,388.22000000,389.08000000,144.18653805
2016-02-13 14:00:00+00:00,389.08000000,389.08000000,387.43000000,387.86000000,157.32842815
2016-02-13 15:00:00+00:00,387.87000000,388.60000000,387.64000000,388.16000000,182.85666322
2016-02-13 16:00:00+00:00,388.11000000,388.53000000,387.97000000,388.41000000,152.57071741
2016-02-13 17:00:00+00:00,388.42000000,388.90000000,388.13000000,388.80000000,257.67955352
2016-02-13 18:00:00+00:00,388.78000000,389.74000000,388.72000000,389.40000000,181.24392754
2016-02-13 19:00:00+00:00,389.40000000,389.68000000,389.27000000,389.66000000,196.04396913
2016-02-13 20:00:00+00:00,389.68000000,389.73000000,389.32000000,389.67000000,218.36254709
2016-02-13 21:00:00+00:00,389.66000000,389.89000000,389.03000000,389.50000000,168.52910068
2016-02-13 22:00:00+00:00,389.50000000,389.83000000,389.12000000,389.27000000,183.23886720
2016-02-13 23:00:00+00:00,389.26000000,391.00000000,388.20000000,391.00000000,410.34435592
2016-02-14 00:00:00+00:00,391.00000000,396.71000000,391.00000000,396.39000000,627.63050121
2016-02-14 01:00:00+00:00,396.39000000,398.82000000,395.13000000,397.69000000,960.65440288
2016-02-14 02:00:00+00:00,397.78000000,398.70000000,395.50000000,396.89000000,371.13406246
2016-02-14 03:00:00+00:00,396.89000000,397.12000000,395.55000000,396.49000000,253.85465939
2016-02-14 04:00:00+00:00,396.88000000,397.00000000,395.75000000,396.72000000,397.64107660
2016-02-14 05:00:00+00:00,396.72000000,397.26000000,395.95000000,397.05000000,154.59242872
2016-02-14 06:00:00+00:00,397.14000000,398.04000000,396.53000000,398.04000000,168.03155404
2016-02-14 07:00:00+00:00,398.04000000,398.68000000,397.53000000,398.02000000,105.62628744
2016-02-14 08:00:00+00:00,398.03000000,399.00000000,397.93000000,399.00000000,125.96160374
2016-02-14 09:00:00+00:00,398.99000000,399.79000000,397.75000000,399.79000000,157.18577723
2016-02-14 10:00:00+00:00,399.78000000,399.94000000,399.07000000,399.94000000,118.14385301
2016-02-14 11:00:00+00:00,399.93000000,399.94000000,398.00000000,399.05000000,143.53877977
2016-02-14 12:00:00+00:00,399.05000000,399.34000000,398.00000000,398.35000000,61.52132066
2016-02-14 13:00:00+00:00,398.35000000,398.35000000,396.10000000,397.72000000,215.65507486
2016-02-14 14:00:00+00:00,397.73000000,401.15000000,397.68000000,399.76000000,376.40229535
2016-02-14 15:00:00+00:00,399.78000000,402.32000000,399.07000000,401.41000000,561.34897064
2016-02-14 16:00:00+00:00,401.40000000,403.14000000,401.14000000,401.45000000,419.40860561
2016-02-14 17:00:00+00:00,401.44000000,401.44000000,400.42000000,401.00000000,289.36655288
2016-02-14 18:00:00+00:00,401.00000000,401.49000000,400.99000000,401.39000000,268.29957175
2016-02-14 19:00:00+00:00,401.40000000,401.40000000,400.08000000,400.63000000,491.70726929
2016-02-14 20:00:00+00:00,400.63000000,400.74000000,399.30000000,399.95000000,245.25795321
2016-02-14 21:00:00+00:00,399.84000000,400.85000000,399.65000000,400.65000000,144.57439560
2016-02-14 22:00:00+00:00,400.65000000,403.78000000,400.64000000,403.72000000,346.31681651
2016-02-14 23:00:00+00:00,403.72000000,406.92000000,399.29000000,406.59000000,553.40103742
2016-02-15 00:00:00+00:00,406.62000000,409.09000000,401.05000000,405.51000000,728.56187801
2016-02-15 01:00:00+00:00,405.50000000,405.50000000,400.00000000,404.59000000,535.74496303
2016-02-15 02:00:00+00:00,404.59000000,406.00000000,404.59000000,405.74000000,212.27372236
2016-02-15 03:00:00+00:00,405.75000000,405.80000000,404.63000000,405.31000000,203.86254085
2016-02-15 04:00:00+00:00,405.27000000,406.23000000,404.38000000,404.91000000,290.65810005
2016-02-15 05:00:00+00:00,404.91000000,406.75000000,404.56000000,405.08000000,117.21875603
2016-02-15 06:00:00+00:00,405.09000000,406.76000000,404.27000000,406.42000000,283.61831280
2016-02-15 07:00:00+00:00,406.41000000,406.87000000,405.51000000,406.80000000,70.67989909
2016-02-15 08:00:00+00:00,406.75000000,406.75000000,402.00000000,403.32000000,286.70620198
2016-02-15 09:00:00+00:00,403.34000000,404.14000000,403.34000000,403.78000000,69.26054034
2016-02-15 10:00:00+00:00,403.74000000,403.74000000,397.62000000,398.42000000,260.93214918
2016-02-15 11:00:00+00:00,398.44000000,400.12000000,398.32000000,398.71000000,116.02269064
2016-02-15 12:00:00+00:00,398.77000000,404.57000000,398.76000000,402.87000000,183.54709990
2016-02-15 13:00:00+00:00,402.86000000,404.05000000,401.77000000,402.63000000,109.76795038
2016-02-15 14:00:00+00:00,402.65000000,403.34000000,401.33000000,403.15000000,152.38836034
2016-02-15 15:00:00+00:00,403.16000000,403.16000000,401.02000000,401.15000000,301.89642677
2016-02-15 16:00:00+00:00,401.15000000,402.30000000,399.31000000,400.19000000,316.68063586
2016-02-15 17:00:00+00:00,400.18000000,402.91000000,400.18000000,402.82000000,268.89392035
2016-02-15 18:00:00+00:00,402.82000000,402.92000000,400.94000000,400.94000000,309.43880169
2016-02-15 19:00:00+00:00,401.21000000,401.32000000,398.23000000,399.61000000,404.60951160
2016-02-15 20:00:00+00:00,399.61000000,400.90000000,396.39000000,396.50000000,467.49583922
2016-02-15 21:00:00+00:00,396.51000000,398.42000000,394.03000000,395.99000000,386.11007311
2016-02-15 22:00:00+00:00,396.12000000,397.55000000,395.34000000,397.44000000,240.69958921
2016-02-15 23:00:00+00:00,397.44000000,399.26000000,396.94000000,398.95000000,251.41742005
2016-02-16 00:00:00+00:00,398.94000000,400.40000000,398.38000000,400.01000000,363.18073565
2016-02-16 01:00:00+00:00,400.01000000,400.01000000,397.01000000,398.29000000,188.82951307
2016-02-16 02:00:00+00:00,398.68000000,400.65000000,398.66000000,400.46000000,157.24150703
2016-02-16 03:00:00+00:00,400.47000000,401.75000000,400.20000000,401.72000000,165.85530213
2016-02-16 04:00:00+00:00,401.74000000,401.91000000,399.80000000,400.50000000,147.16623127
2016-02-16 05:00:00+00:00,400.64000000,400.91000000,399.11000000,399.73000000,91.72184904
2016-02-16 06:00:00+00:00,399.73000000,401.00000000,399.68000000,401.00000000,119.23409351
2016-02-16 07:00:00+00:00,401.01000000,401.94000000,400.29000000,400.60000000,70.40555505
2016-02-16 08:00:00+00:00,400.54000000,401.75000000,400.21000000,401.69000000,93.91854225
2016-02-16 09:00:00+00:00,401.73000000,401.75000000,401.29000000,401.65000000,38.06722203
2016-02-16 10:00:00+00:00,401.65000000,402.36000000,401.20000000,402.33000000,149.97711932
2016-02-16 11:00:00+00:00,402.34000000,403.00000000,402.03000000,402.99000000,80.77218028
2016-02-16 12:00:00+00:00,402.99000000,402.99000000,402.00000000,402.59000000,60.65629710
2016-02-16 13:00:00+00:00,402.59000000,404.50000000,402.55000000,404.22000000,132.18914486
2016-02-16 14:00:00+00:00,404.21000000,405.00000000,403.72000000,405.00000000,245.53557291
2016-02-16 15:00:00+00:00,404.99000000,406.34000000,390.00000000,405.27000000,887.44813087
2016-02-16 16:00:00+00:00,405.17000000,405.90000000,404.71000000,405.34000000,299.82098235
2016-02-16 17:00:00+00:00,405.32000000,407.50000000,404.87000000,407.40000000,605.06030965
2016-02-16 18:00:00+00:00,407.31000000,407.49000000,404.71000000,406.49000000,504.40285935
2016-02-16 19:00:00+00:00,406.48000000,406.79000000,405.72000000,406.33000000,265.07289494
2016-02-16 20:00:00+00:00,406.34000000,406.40000000,405.05000000,405.49000000,255.49236349
2016-02-16 21:00:00+00:00,405.49000000,406.27000000,405.04000000,405.82000000,293.54103976
2016-02-16 22:00:00+00:00,405.74000000,407.10000000,405.13000000,406.83000000,258.42947555
2016-02-16 23:00:00+00:00,406.75000000,407.42000000,405.69000000,407.42000000,175.41664923
2016-02-17 00:00:00+00:00,407.41000000,407.86000000,407.00000000,407.43000000,358.89819215
2016-02-17 01:00:00+00:00,407.43000000,407.43000000,405.69000000,406.48000000,276.94471128
2016-02-17 02:00:00+00:00,406.49000000,407.01000000,405.87000000,406.98000000,344.10002886
2016-02-17 03:00:00+00:00,406.98000000,407.72000000,406.24000000,407.66000000,361.08696091
2016-02-17 04:00:00+00:00,407.67000000,409.00000000,407.57000000,408.92000000,364.74247404
2016-02-17 05:00:00+00:00,408.91000000,409.00000000,408.50000000,409.00000000,159.77315635
2016-02-17 06:00:00+00:00,409.00000000,411.62000000,408.99000000,411.62000000,388.01893756
2016-02-17 07:00:00+00:00,411.62000000,412.00000000,411.00000000,411.99000000,210.16371294
2016-02-17 08:00:00+00:00,411.98000000,415.00000000,411.84000000,414.99000000,279.04196127
2016-02-17 09:00:00+00:00,415.00000000,415.75000000,414.99000000,415.14000000,130.04768428
2016-02-17 10:00:00+00:00,415.14000000,415.41000000,414.75000000,415.26000000,204.65788785
2016-02-17 11:00:00+00:00,415.26000000,415.26000000,412.00000000,413.09000000,218.46480911
2016-02-17 12:00:00+00:00,413.09000000,415.40000000,412.95000000,415.40000000,261.34692368
2016-02-17 13:00:00+00:00,415.40000000,418.98000000,415.31000000,417.96000000,452.03516628
2016-02-17 14:00:00+00:00,417.97000000,419.46000000,417.14000000,419.35000000,486.15312992
2016-02-17 15:00:00+00:00,419.35000000,419.50000000,418.21000000,418.87000000,513.88713954
2016-02-17 16:00:00+00:00,418.87000000,419.00000000,416.50000000,418.99000000,327.67344489
2016-02-17 17:00:00+00:00,418.93000000,419.00000000,416.50000000,416.87000000,671.72188467
2016-02-17 18:00:00+00:00,416.89000000,419.79000000,416.50000000,419.51000000,465.63385063
2016-02-17 19:00:00+00:00,419.49000000,419.73000000,417.38000000,419.49000000,387.81223820
2016-02-17 20:00:00+00:00,419.50000000,420.13000000,418.73000000,419.69000000,629.97895816
2016-02-17 21:00:00+00:00,419.63000000,420.00000000,418.00000000,419.05000000,382.41305363
2016-02-17 22:00:00+00:00,418.98000000,419.64000000,418.08000000,418.24000000,448.45356039
2016-02-17 23:00:00+00:00,418.19000000,418.33000000,414.24000000,415.20000000,384.08413611
2016-02-18 00:00:00+00:00,415.18000000,418.00000000,415.18000000,418.00000000,462.44107896
2016-02-18 01:00:00+00:00,417.99000000,419.00000000,417.69000000,418.88000000,284.71330011
2016-02-18 02:00:00+00:00,418.86000000,419.75000000,417.44000000,418.66000000,444.08573657
2016-02-18 03:00:00+00:00,418.70000000,419.98000000,417.24000000,417.54000000,355.81181967
2016-02-18 04:00:00+00:00,417.55000000,418.93000000,417.00000000,418.76000000,164.30031030
2016-02-18 05:00:00+00:00,418.77000000,419.01000000,418.33000000,418.45000000,87.34369214
2016-02-18 06:00:00+00:00,418.45000000,420.38000000,418.45000000,420.02000000,251.65435816
2016-02-18 07:00:00+00:00,420.04000000,420.04000000,418.36000000,419.30000000,196.70316446
2016-02-18 08:00:00+00:00,419.29000000,421.55000000,419.25000000,421.55000000,381.17042529
2016-02-18 09:00:00+00:00,421.54000000,422.00000000,421.33000000,422.00000000,88.52308868
2016-02-18 10:00:00+00:00,422.00000000,423.00000000,421.99000000,423.00000000,186.12359006
2016-02-18 11:00:00+00:00,423.00000000,423.00000000,422.68000000,422.89000000,88.83603626
2016-02-18 12:00:00+00:00,422.90000000,423.10000000,422.04000000,423.09000000,159.45010706
2016-02-18 13:00:00+00:00,423.10000000,423.20000000,417.00000000,417.93000000,291.86012229
2016-02-18 14:00:00+00:00,417.93000000,420.34000000,417.93000000,419.79000000,342.60121588
2016-02-18 15:00:00+00:00,419.79000000,420.00000000,416.01000000,416.19000000,463.64841899
2016-02-18 16:00:00+00:00,416.08000000,418.00000000,415.01000000,418.00000000,311.36283560
2016-02-18 17:00:00+00:00,418.00000000,419.50000000,417.60000000,418.96000000,221.70014812
2016-02-18 18:00:00+00:00,418.98000000,419.50000000,418.61000000,418.88000000,212.02955938
2016-02-18 19:00:00+00:00,418.88000000,418.96000000,418.45000000,418.57000000,404.40940126
2016-02-18 20:00:00+00:00,418.57000000,419.95000000,418.50000000,419.92000000,307.53040283
2016-02-18 21:00:00+00:00,419.91000000,420.46000000,418.62000000,419.63000000,221.75692079
2016-02-18 22:00:00+00:00,419.63000000,421.89000000,419.46000000,421.54000000,354.21684358
2016-02-18 23:00:00+00:00,421.54000000,421.76000000,420.53000000,421.19000000,236.36503536
2016-02-19 00:00:00+00:00,421.18000000,421.40000000,421.05000000,421.21000000,197.57348144
2016-02-19 01:00:00+00:00,421.22000000,421.63000000,420.76000000,421.63000000,227.16525310
2016-02-19 02:00:00+00:00,421.55000000,421.99000000,420.97000000,421.51000000,246.96971550
2016-02-19 03:00:00+00:00,421.51000000,421.75000000,421.15000000,421.54000000,162.34013107
2016-02-19 04:00:00+00:00,421.55000000,421.70000000,420.88000000,421.32000000,138.33452594
2016-02-19 05:00:00+00:00,421.34000000,422.00000000,420.56000000,420.56000000,188.42851117
2016-02-19 06:00:00+00:00,420.65000000,420.92000000,418.52000000,418.82000000,156.14146377
2016-02-19 07:00:00+00:00,418.82000000,419.13000000,416.00000000,417.82000000,228.71607943
2016-02-19 08:00:00+00:00,417.79000000,420.14000000,417.75000000,419.10000000,163.92084140
2016-02-19 09:00:00+00:00,419.08000000,419.08000000,417.66000000,418.51000000,180.90214357
2016-02-19 10:00:00+00:00,418.49000000,418.69000000,417.74000000,417.87000000,103.84800799
2016-02-19 11:00:00+00:00,417.86000000,418.76000000,417.57000000,418.70000000,118.19598507
2016-02-19 12:00:00+00:00,418.69000000,420.27000000,418.69000000,419.79000000,133.76278614
2016-02-19 13:00:00+00:00,419.77000000,420.79000000,419.50000000,420.26000000,179.59746263
2016-02-19 14:00:00+00:00,420.26000000,421.40000000,418.98000000,420.39000000,340.85043027
2016-02-19 15:00:00+00:00,420.28000000,420.65000000,418.75000000,418.78000000,329.36458159
2016-02-19 16:00:00+00:00,418.78000000,418.99000000,418.08000000,418.89000000,157.04188328
2016-02-19 17:00:00+00:00,418.88000000,418.91000000,417.91000000,418.36000000,238.11212229
2016-02-19 18:00:00+00:00,418.41000000,418.81000000,417.80000000,418.00000000,338.09982336
2016-02-19 19:00:00+00:00,417.99000000,418.50000000,417.94000000,418.30000000,275.41136941
2016-02-19 20:00:00+00:00,418.32000000,418.61000000,418.29000000,418.60000000,225.45455171
2016-02-19 21:00:00+00:00,418.60000000,418.77000000,418.14000000,418.74000000,379.60170848
2016-02-19 22:00:00+00:00,418.74000000,419.39000000,418.28000000,418.90000000,698.51346149
2016-02-19 23:00:00+00:00,418.90000000,420.73000000,418.76000000,420.72000000,391.87121173
2016-02-20 00:00:00+00:00,420.72000000,422.56000000,420.09000000,421.68000000,681.11082917
2016-02-20 01:00:00+00:00,421.81000000,422.50000000,421.68000000,422.13000000,352.50678772
2016-02-20 02:00:00+00:00,422.12000000,423.77000000,421.98000000,423.15000000,424.93517843
2016-02-20 03:00:00+00:00,423.15000000,423.99000000,423.04000000,423.98000000,315.84732864
2016-02-20 04:00:00+00:00,423.98000000,424.41000000,423.38000000,423.99000000,594.68019178
2016-02-20 05:00:00+00:00,423.99000000,424.90000000,423.48000000,424.79000000,206.20636805
2016-02-20 06:00:00+00:00,424.78000000,425.00000000,423.70000000,424.32000000,240.01756940
2016-02-20 07:00:00+00:00,424.32000000,425.97000000,424.15000000,425.97000000,185.23405195
2016-02-20 08:00:00+00:00,425.96000000,426.00000000,425.67000000,425.99000000,80.48999342
2016-02-20 09:00:00+00:00,425.99000000,429.65000000,425.72000000,429.64000000,277.57091325
2016-02-20 10:00:00+00:00,429.64000000,430.65000000,428.50000000,429.83000000,291.28386255
2016-02-20 11:00:00+00:00,429.81000000,433.00000000,429.81000000,430.28000000,270.31787318
2016-02-20 12:00:00+00:00,430.29000000,433.94000000,430.28000000,432.52000000,163.88552567
2016-02-20 13:00:00+00:00,432.54000000,433.48000000,431.96000000,432.71000000,317.29906067
2016-02-20 14:00:00+00:00,432.66000000,432.71000000,431.07000000,431.21000000,289.61882327
2016-02-20 15:00:00+00:00,431.18000000,431.20000000,429.78000000,431.20000000,399.70273180
2016-02-20 16:00:00+00:00,431.19000000,435.30000000,431.04000000,435.30000000,715.49845548
2016-02-20 17:00:00+00:00,435.17000000,440.00000000,435.17000000,439.99000000,704.66727994
2016-02-20 18:00:00+00:00,439.99000000,443.91000000,438.70000000,443.90000000,490.58953286
2016-02-20 19:00:00+00:00,443.86000000,443.89000000,440.50000000,442.08000000,667.75234335
2016-02-20 20:00:00+00:00,442.07000000,444.03000000,441.12000000,441.59000000,427.31347347
2016-02-20 21:00:00+00:00,441.58000000,441.60000000,436.42000000,438.91000000,575.84457081
2016-02-20 22:00:00+00:00,438.88000000,441.23000000,436.88000000,440.73000000,375.78600189
2016-02-20 23:00:00+00:00,440.85000000,442.25000000,436.00000000,437.46000000,320.43638213
2016-02-21 00:00:00+00:00,438.04000000,440.59000000,435.98000000,436.10000000,373.86084484
2016-02-21 01:00:00+00:00,436.10000000,438.20000000,435.14000000,438.20000000,410.92773985
2016-02-21 02:00:00+00:00,438.13000000,440.30000000,438.01000000,440.18000000,220.73390431
2016-02-21 03:00:00+00:00,440.26000000,441.58000000,438.90000000,440.91000000,143.08688122
2016-02-21 04:00:00+00:00,440.91000000,440.91000000,438.28000000,439.23000000,109.98973574
2016-02-21 05:00:00+00:00,439.22000000,439.23000000,438.40000000,439.23000000,132.48360774
2016-02-21 06:00:00+00:00,439.23000000,440.33000000,439.22000000,439.67000000,273.45621124
2016-02-21 07:00:00+00:00,439.89000000,446.99000000,439.84000000,446.81000000,381.45905687
2016-02-21 08:00:00+00:00,446.83000000,448.70000000,444.59000000,445.09000000,316.93507898
2016-02-21 09:00:00+00:00,445.09000000,445.99000000,443.41000000,444.50000000,221.87939243
2016-02-21 10:00:00+00:00,444.57000000,445.43000000,443.15000000,444.30000000,120.75480420
2016-02-21 11:00:00+00:00,444.37000000,445.11000000,444.25000000,445.11000000,133.78332472
2016-02-21 12:00:00+00:00,445.10000000,445.89000000,428.00000000,429.12000000,1088.68638980
2016-02-21 13:00:00+00:00,429.16000000,434.72000000,428.80000000,431.64000000,382.82591689
2016-02-21 14:00:00+00:00,431.79000000,432.88000000,426.01000000,429.36000000,485.75625684
2016-02-21 15:00:00+00:00,429.35000000,430.89000000,426.17000000,429.11000000,414.61851617
2016-02-21 16:00:00+00:00,429.41000000,436.96000000,429.40000000,433.79000000,353.74002146
2016-02-21 17:00:00+00:00,433.78000000,435.14000000,433.00000000,434.55000000,179.38054817
2016-02-21 18:00:00+00:00,434.55000000,434.55000000,433.37000000,433.90000000,198.26802377
2016-02-21 19:00:00+00:00,433.96000000,435.04000000,432.50000000,435.04000000,170.91391873
2016-02-21 20:00:00+00:00,435.05000000,439.86000000,435.05000000,437.87000000,301.79582908
2016-02-21 21:00:00+00:00,437.83000000,439.58000000,434.01000000,438.18000000,352.39636292
2016-02-21 22:00:00+00:00,438.22000000,439.00000000,434.81000000,438.17000000,162.06053269
2016-02-21 23:00:00+00:00,438.17000000,438.77000000,437.47000000,438.56000000,181.35168775
2016-02-22 00:00:00+00:00,438.56000000,438.56000000,434.75000000,435.67000000,260.19075954
2016-02-22 01:00:00+00:00,435.66000000,436.25000000,434.00000000,435.45000000,197.44152013
2016-02-22 02:00:00+00:00,435.43000000,435.51000000,430.95000000,434.31000000,351.79045014
2016-02-22 03:00:00+00:00,434.22000000,435.49000000,433.50000000,435.10000000,197.48017994
2016-02-22 04:00:00+00:00,434.92000000,435.65000000,434.44000000,435.54000000,105.89804576
2016-02-22 05:00:00+00:00,435.54000000,435.81000000,434.45000000,435.11000000,117.01930027
2016-02-22 06:00:00+00:00,435.00000000,435.87000000,432.36000000,434.76000000,170.71730824
2016-02-22 07:00:00+00:00,434.73000000,435.48000000,434.01000000,434.35000000,181.88539987
2016-02-22 08:00:00+00:00,434.34000000,436.80000000,434.34000000,435.69000000,139.96282106
2016-02-22 09:00:00+00:00,435.69000000,436.40000000,434.40000000,434.50000000,75.68389986
2016-02-22 10:00:00+00:00,434.44000000,436.00000000,433.23000000,435.04000000,150.26295121
2016-02-22 11:00:00+00:00,435.04000000,436.07000000,434.17000000,435.46000000,167.32959976
2016-02-22 12:00:00+00:00,435.37000000,436.78000000,435.37000000,435.72000000,121.12587636
2016-02-22 13:00:00+00:00,435.76000000,438.40000000,435.54000000,438.31000000,193.00725114
2016-02-22 14:00:00+00:00,438.31000000,438.50000000,437.55000000,438.36000000,135.64392059
2016-02-22 15:00:00+00:00,438.36000000,438.48000000,436.19000000,437.07000000,402.98496390
2016-02-22 16:00:00+00:00,437.04000000,438.06000000,436.01000000,437.97000000,304.16751068
2016-02-22 17:00:00+00:00,438.00000000,438.44000000,436.35000000,436.35000000,270.50561948
2016-02-22 18:00:00+00:00,437.02000000,438.00000000,436.75000000,437.87000000,302.65152757
2016-02-22 19:00:00+00:00,437.89000000,438.11000000,436.90000000,438.09000000,271.00195331
2016-02-22 20:00:00+00:00,438.04000000,439.00000000,437.68000000,438.99000000,207.28006995
2016-02-22 21:00:00+00:00,438.98000000,438.99000000,436.86000000,437.70000000,274.50184060
2016-02-22 22:00:00+00:00,437.28000000,437.48000000,435.24000000,436.78000000,334.83243782
2016-02-22 23:00:00+00:00,436.81000000,437.67000000,436.09000000,437.55000000,198.43467610
2016-02-23 00:00:00+00:00,437.45000000,438.81000000,437.14000000,438.81000000,307.32476143
2016-02-23 01:00:00+00:00,438.81000000,440.62000000,438.70000000,440.57000000,442.34288914
2016-02-23 02:00:00+00:00,440.58000000,440.90000000,439.90000000,440.08000000,375.33015057
2016-02-23 03:00:00+00:00,440.08000000,440.12000000,438.62000000,438.84000000,358.04991785
2016-02-23 04:00:00+00:00,438.82000000,439.45000000,438.57000000,439.08000000,207.21913662
2016-02-23 05:00:00+00:00,439.03000000,439.20000000,437.15000000,438.63000000,303.56345860
2016-02-23 06:00:00+00:00,438.64000000,438.87000000,434.95000000,436.35000000,495.30050806
2016-02-23 07:00:00+00:00,436.35000000,436.38000000,434.00000000,434.42000000,410.72447479
2016-02-23 08:00:00+00:00,434.41000000,434.41000000,420.00000000,424.17000000,942.46694898
2016-02-23 09:00:00+00:00,424.19000000,424.20000000,420.99000000,423.62000000,347.66981981
2016-02-23 10:00:00+00:00,423.62000000,424.72000000,422.67000000,424.49000000,137.88763761
2016-02-23 11:00:00+00:00,424.55000000,425.55000000,418.29000000,421.84000000,404.82654094
2016-02-23 12:00:00+00:00,421.48000000,423.25000000,420.84000000,421.90000000,243.96642170
2016-02-23 13:00:00+00:00,421.85000000,422.71000000,421.36000000,422.61000000,199.61157466
2016-02-23 14:00:00+00:00,422.61000000,423.31000000,421.72000000,423.30000000,202.22503931
2016-02-23 15:00:00+00:00,423.30000000,423.76000000,421.60000000,421.60000000,290.08586040
2016-02-23 16:00:00+00:00,421.56000000,421.86000000,416.08000000,418.81000000,1040.42283212
2016-02-23 17:00:00+00:00,418.81000000,419.78000000,416.02000000,416.04000000,408.48094986
2016-02-23 18:00:00+00:00,416.03000000,418.32000000,414.16000000,414.78000000,645.30687427
2016-02-23 19:00:00+00:00,414.79000000,417.85000000,414.79000000,417.43000000,335.56519439
2016-02-23 20:00:00+00:00,417.22000000,420.74000000,417.01000000,420.25000000,293.67025250
2016-02-23 21:00:00+00:00,420.19000000,421.27000000,419.28000000,420.45000000,270.97721389
2016-02-23 22:00:00+00:00,420.39000000,421.26000000,418.49000000,420.35000000,240.69161915
2016-02-23 23:00:00+00:00,420.67000000,420.96000000,419.20000000,419.97000000,255.32216798
2016-02-24 00:00:00+00:00,420.32000000,424.75000000,420.18000000,424.00000000,226.58840943
2016-02-24 01:00:00+00:00,424.09000000,425.60000000,423.80000000,424.72000000,285.34713594
2016-02-24 02:00:00+00:00,424.66000000,425.10000000,418.04000000,421.08000000,486.39520088
2016-02-24 03:00:00+00:00,421.02000000,421.02000000,419.00000000,420.43000000,275.43051021
2016-02-24 04:00:00+00:00,420.37000000,421.50000000,420.32000000,421.09000000,121.34082625
2016-02-24 05:00:00+00:00,421.08000000,421.15000000,410.00000000,411.47000000,586.19219703
2016-02-24 06:00:00+00:00,411.48000000,415.35000000,411.48000000,414.99000000,370.06385263
2016-02-24 07:00:00+00:00,415.03000000,417.60000000,414.31000000,416.68000000,144.94061584
2016-02-24 08:00:00+00:00,416.51000000,417.62000000,416.00000000,416.12000000,97.58935671
2016-02-24 09:00:00+00:00,416.05000000,419.09000000,415.86000000,419.09000000,72.93819198
2016-02-24 10:00:00+00:00,419.09000000,419.47000000,418.35000000,418.57000000,170.72301216
2016-02-24 11:00:00+00:00,418.57000000,418.57000000,417.74000000,417.91000000,48.88142211
2016-02-24 12:00:00+00:00,417.89000000,421.87000000,417.73000000,420.80000000,310.51548855
2016-02-24 13:00:00+00:00,420.92000000,422.00000000,419.70000000,420.37000000,341.55765281
2016-02-24 14:00:00+00:00,420.37000000,422.18000000,420.36000000,422.00000000,269.14353378
2016-02-24 15:00:00+00:00,422.00000000,424.32000000,421.37000000,424.00000000,363.78592423
2016-02-24 16:00:00+00:00,423.99000000,424.00000000,422.50000000,423.00000000,207.43371413
2016-02-24 17:00:00+00:00,423.14000000,423.90000000,421.16000000,423.69000000,311.89098336
2016-02-24 18:00:00+00:00,423.68000000,423.90000000,420.10000000,423.75000000,749.15709680
2016-02-24 19:00:00+00:00,423.75000000,424.92000000,423.38000000,423.50000000,483.24598463
2016-02-24 20:00:00+00:00,423.87000000,424.00000000,423.00000000,423.33000000,225.40176868
2016-02-24 21:00:00+00:00,423.32000000,424.00000000,422.66000000,423.41000000,243.47648096
2016-02-24 22:00:00+00:00,423.41000000,424.00000000,422.37000000,423.15000000,463.67365061
2016-02-24 23:00:00+00:00,423.19000000,424.00000000,421.42000000,423.94000000,376.56935557
2016-02-25 00:00:00+00:00,423.87000000,425.99000000,423.39000000,424.37000000,408.45002274
2016-02-25 01:00:00+00:00,424.40000000,425.97000000,423.90000000,424.82000000,295.77220691
2016-02-25 02:00:00+00:00,424.83000000,426.44000000,424.76000000,425.59000000,169.99472578
2016-02-25 03:00:00+00:00,425.62000000,425.75000000,423.02000000,423.07000000,211.32216248
2016-02-25 04:00:00+00:00,423.09000000,423.09000000,421.00000000,421.52000000,247.50445300
2016-02-25 05:00:00+00:00,421.60000000,421.99000000,418.60000000,419.70000000,330.41631567
2016-02-25 06:00:00+00:00,419.72000000,421.50000000,419.71000000,421.19000000,112.89139889
2016-02-25 07:00:00+00:00,421.20000000,424.47000000,420.27000000,423.92000000,190.65988538
2016-02-25 08:00:00+00:00,424.14000000,424.88000000,423.93000000,424.79000000,64.34577440
2016-02-25 09:00:00+00:00,424.80000000,425.50000000,419.80000000,424.21000000,156.88651141
2016-02-25 10:00:00+00:00,424.21000000,424.48000000,423.61000000,423.79000000,131.30715152
2016-02-25 11:00:00+00:00,423.79000000,423.81000000,422.30000000,423.41000000,385.06301141
2016-02-25 12:00:00+00:00,423.45000000,423.85000000,419.52000000,420.05000000,240.65742337
2016-02-25 13:00:00+00:00,420.05000000,421.94000000,419.43000000,421.83000000,374.16422681
2016-02-25 14:00:00+00:00,421.83000000,423.11000000,420.86000000,423.09000000,168.29109946
2016-02-25 15:00:00+00:00,423.09000000,423.13000000,421.50000000,421.88000000,303.12856525
2016-02-25 16:00:00+00:00,421.88000000,422.69000000,421.13000000,422.67000000,218.56452367
2016-02-25 17:00:00+00:00,422.68000000,422.75000000,421.95000000,422.15000000,370.72724991
2016-02-25 18:00:00+00:00,422.16000000,422.77000000,421.31000000,422.63000000,301.20340634
2016-02-25 19:00:00+00:00,422.63000000,423.78000000,422.01000000,423.78000000,274.40556353
2016-02-25 20:00:00+00:00,423.78000000,425.00000000,422.39000000,423.59000000,320.70597967
2016-02-25 21:00:00+00:00,423.57000000,423.81000000,422.45000000,423.33000000,345.39447608
2016-02-25 22:00:00+00:00,423.31000000,423.45000000,422.52000000,422.98000000,291.91389977
2016-02-25 23:00:00+00:00,422.82000000,423.75000000,422.69000000,423.54000000,136.04808181
2016-02-26 00:00:00+00:00,423.51000000,423.59000000,421.08000000,421.09000000,307.47935907
2016-02-26 01:00:00+00:00,421.17000000,422.24000000,419.53000000,422.24000000,314.28304397
2016-02-26 02:00:00+00:00,422.23000000,422.30000000,421.15000000,421.17000000,203.15876090
2016-02-26 03:00:00+00:00,421.16000000,421.58000000,420.00000000,421.58000000,198.55675999
2016-02-26 04:00:00+00:00,421.57000000,421.58000000,420.68000000,421.58000000,168.69250337
2016-02-26 05:00:00+00:00,421.57000000,422.85000000,421.57000000,422.85000000,255.87910867
2016-02-26 06:00:00+00:00,422.84000000,423.59000000,422.84000000,423.26000000,219.70892905
2016-02-26 07:00:00+00:00,423.26000000,424.16000000,423.05000000,424.11000000,429.91650595
2016-02-26 08:00:00+00:00,424.15000000,424.56000000,424.13000000,424.48000000,230.06445381
2016-02-26 09:00:00+00:00,424.48000000,424.50000000,423.78000000,424.21000000,65.30054663
2016-02-26 10:00:00+00:00,424.22000000,424.28000000,423.55000000,423.72000000,119.54525245
2016-02-26 11:00:00+00:00,423.77000000,424.36000000,423.56000000,424.36000000,163.53240029
2016-02-26 12:00:00+00:00,424.36000000,424.85000000,422.29000000,423.79000000,368.31050704
2016-02-26 13:00:00+00:00,423.70000000,423.88000000,422.76000000,423.62000000,171.10249688
2016-02-26 14:00:00+00:00,423.62000000,423.83000000,422.66000000,423.75000000,121.81901000
2016-02-26 15:00:00+00:00,423.74000000,423.75000000,423.64000000,423.73000000,249.92449285
2016-02-26 16:00:00+00:00,423.73000000,423.86000000,423.00000000,423.38000000,336.14289729
2016-02-26 17:00:00+00:00,423.34000000,424.01000000,421.78000000,423.39000000,353.65890846
2016-02-26 18:00:00+00:00,423.30000000,423.85000000,422.85000000,423.59000000,322.02633313
2016-02-26 19:00:00+00:00,423.74000000,423.84000000,421.10000000,422.53000000,567.64135741
2016-02-26 20:00:00+00:00,422.47000000,422.97000000,422.09000000,422.79000000,226.26093186
2016-02-26 21:00:00+00:00,422.80000000,423.78000000,422.56000000,423.78000000,358.74953931
2016-02-26 22:00:00+00:00,423.78000000,426.82000000,423.57000000,426.60000000,288.26507558
2016-02-26 23:00:00+00:00,426.60000000,430.85000000,426.59000000,430.85000000,742.01829132
2016-02-27 00:00:00+00:00,430.84000000,434.97000000,430.84000000,432.82000000,643.11134451
2016-02-27 01:00:00+00:00,432.80000000,433.50000000,432.29000000,433.10000000,386.74283448
2016-02-27 02:00:00+00:00,433.10000000,434.77000000,432.73000000,434.24000000,333.58057290
2016-02-27 03:00:00+00:00,434.35000000,434.63000000,433.04000000,433.56000000,245.10577961
2016-02-27 04:00:00+00:00,433.59000000,433.60000000,431.00000000,431.86000000,326.94768831
2016-02-27 05:00:00+00:00,431.91000000,432.79000000,431.50000000,432.56000000,260.13136429
2016-02-27 06:00:00+00:00,432.73000000,433.71000000,432.47000000,433.54000000,334.81729409
2016-02-27 07:00:00+00:00,433.56000000,433.62000000,432.49000000,432.49000000,182.05773084
2016-02-27 08:00:00+00:00,432.65000000,433.14000000,432.49000000,432.77000000,132.34425243
2016-02-27 09:00:00+00:00,432.81000000,432.81000000,430.41000000,430.51000000,164.49192384
2016-02-27 10:00:00+00:00,430.41000000,430.83000000,430.22000000,430.44000000,84.11237110
2016-02-27 11:00:00+00:00,430.50000000,432.07000000,430.37000000,432.04000000,54.87611997
2016-02-27 12:00:00+00:00,432.03000000,432.43000000,431.29000000,431.40000000,77.77663319
2016-02-27 13:00:00+00:00,431.41000000,431.78000000,430.88000000,431.70000000,104.86565537
2016-02-27 14:00:00+00:00,431.72000000,431.98000000,431.29000000,431.62000000,106.19737528
2016-02-27 15:00:00+00:00,431.64000000,432.01000000,430.68000000,430.92000000,221.26080127
2016-02-27 16:00:00+00:00,430.92000000,431.12000000,430.32000000,431.03000000,168.14454574
2016-02-27 17:00:00+00:00,431.04000000,432.95000000,431.04000000,432.76000000,282.87373574
2016-02-27 18:00:00+00:00,432.75000000,433.13000000,432.16000000,433.13000000,217.06812967
2016-02-27 19:00:00+00:00,433.12000000,433.12000000,430.14000000,431.23000000,448.37399870
2016-02-27 20:00:00+00:00,431.23000000,431.29000000,430.51000000,430.99000000,312.53090727
2016-02-27 21:00:00+00:00,431.09000000,431.48000000,430.99000000,431.40000000,134.84745277
2016-02-27 22:00:00+00:00,431.47000000,432.51000000,431.36000000,432.51000000,123.35659185
2016-02-27 23:00:00+00:00,432.51000000,433.13000000,432.22000000,433.12000000,175.04016572
2016-02-28 00:00:00+00:00,433.09000000,433.35000000,425.57000000,426.36000000,749.39676603
2016-02-28 01:00:00+00:00,426.35000000,426.81000000,423.00000000,423.02000000,535.42650685
2016-02-28 02:00:00+00:00,423.02000000,426.06000000,423.02000000,425.89000000,163.82209085
2016-02-28 03:00:00+00:00,425.85000000,426.79000000,425.20000000,426.36000000,155.86305650
2016-02-28 04:00:00+00:00,426.39000000,426.50000000,425.23000000,425.92000000,149.15457088
2016-02-28 05:00:00+00:00,425.90000000,426.31000000,425.70000000,426.31000000,74.04543733
2016-02-28 06:00:00+00:00,426.22000000,426.88000000,425.49000000,426.73000000,106.66258138
2016-02-28 07:00:00+00:00,426.74000000,427.24000000,426.72000000,427.24000000,48.39648390
2016-02-28 08:00:00+00:00,427.25000000,427.60000000,427.24000000,427.24000000,87.79699607
2016-02-28 09:00:00+00:00,427.25000000,427.25000000,426.50000000,426.71000000,59.39546745
2016-02-28 10:00:00+00:00,426.70000000,426.81000000,425.33000000,425.96000000,102.11877861
2016-02-28 11:00:00+00:00,425.98000000,426.23000000,425.68000000,425.69000000,84.34434544
2016-02-28 12:00:00+00:00,425.77000000,428.68000000,425.77000000,428.66000000,72.20673484
2016-02-28 13:00:00+00:00,428.66000000,428.66000000,428.37000000,428.50000000,115.67534112
2016-02-28 14:00:00+00:00,428.49000000,435.50000000,428.49000000,434.79000000,360.41378531
2016-02-28 15:00:00+00:00,434.65000000,436.07000000,433.22000000,434.00000000,365.74833663
2016-02-28 16:00:00+00:00,433.99000000,434.09000000,433.23000000,434.00000000,199.36639992
2016-02-28 17:00:00+00:00,434.00000000,434.29000000,433.76000000,434.29000000,253.77300038
2016-02-28 18:00:00+00:00,434.29000000,434.92000000,433.96000000,434.56000000,311.37118471
2016-02-28 19:00:00+00:00,434.57000000,435.29000000,434.13000000,434.46000000,299.06050583
2016-02-28 20:00:00+00:00,434.46000000,435.00000000,434.00000000,434.00000000,226.29202974
2016-02-28 21:00:00+00:00,433.99000000,434.00000000,433.14000000,433.93000000,233.79326937
2016-02-28 22:00:00+00:00,433.92000000,434.00000000,431.93000000,433.10000000,205.77305768
2016-02-28 23:00:00+00:00,433.09000000,434.00000000,433.09000000,433.73000000,190.03336342
2016-02-29 00:00:00+00:00,433.73000000,433.73000000,431.13000000,432.93000000,166.34907750
2016-02-29 01:00:00+00:00,433.00000000,435.00000000,432.99000000,434.99000000,594.55209459
2016-02-29 02:00:00+00:00,434.99000000,438.36000000,434.98000000,436.77000000,457.56094847
2016-02-29 03:00:00+00:00,436.61000000,438.45000000,435.21000000,438.09000000,390.19758156
2016-02-29 04:00:00+00:00,438.08000000,438.08000000,436.54000000,436.75000000,258.62247801
2016-02-29 05:00:00+00:00,436.83000000,437.48000000,436.24000000,436.66000000,204.11765026
2016-02-29 06:00:00+00:00,436.80000000,437.21000000,436.06000000,437.12000000,116.43241523
2016-02-29 07:00:00+00:00,437.11000000,438.26000000,434.12000000,434.68000000,315.19724755
2016-02-29 08:00:00+00:00,434.68000000,437.31000000,434.15000000,436.60000000,259.09837298
2016-02-29 09:00:00+00:00,436.59000000,436.91000000,435.24000000,436.53000000,169.86866376
2016-02-29 10:00:00+00:00,436.69000000,442.00000000,435.91000000,440.74000000,629.64596130
2016-02-29 11:00:00+00:00,440.74000000,442.00000000,433.61000000,435.44000000,355.43150467
2016-02-29 12:00:00+00:00,435.46000000,437.07000000,435.12000000,436.52000000,159.10779720
2016-02-29 13:00:00+00:00,436.51000000,437.14000000,435.57000000,436.10000000,183.89836137
2016-02-29 14:00:00+00:00,436.08000000,438.95000000,435.66000000,437.06000000,346.96178771
2016-02-29 15:00:00+00:00,437.06000000,438.20000000,434.00000000,436.61000000,453.07756029
2016-02-29 16:00:00+00:00,436.49000000,437.00000000,436.20000000,436.92000000,248.83515779
2016-02-29 17:00:00+00:00,436.99000000,438.00000000,436.27000000,436.27000000,383.29730835
2016-02-29 18:00:00+00:00,436.33000000,436.46000000,434.98000000,436.15000000,269.90655272
2016-02-29 19:00:00+00:00,436.13000000,436.51000000,434.04000000,435.36000000,417.76231510
2016-02-29 20:00:00+00:00,435.37000000,435.44000000,434.09000000,434.43000000,212.38950192
2016-02-29 21:00:00+00:00,434.59000000,435.30000000,433.36000000,434.27000000,358.88453422
2016-02-29 22:00:00+00:00,434.27000000,435.99000000,433.91000000,435.95000000,241.59622487
2016-02-29 23:00:00+00:00,435.94000000,436.50000000,435.94000000,436.44000000,386.09897198
